<?xml version="1.0" encoding="UTF-8"?>
<project-private xmlns="http://www.netbeans.org/ns/project-private/1">
    <editor-bookmarks xmlns="http://www.netbeans.org/ns/editor-bookmarks/2" lastBookmarkId="0"/>
    <open-files xmlns="http://www.netbeans.org/ns/projectui-open-files/2">
        <group>
            <file>file:/C:/Users/Jose%20A/Documents/NetBeansProjects/CRUD_HIBERNATE/src/crud/jd4o/Menu.java</file>
            <file>file:/C:/Users/Jose%20A/Documents/NetBeansProjects/CRUD_HIBERNATE/src/crud/jd4o/CrudReparaciones.java</file>
            <file>file:/C:/Users/Jose%20A/Documents/NetBeansProjects/CRUD_HIBERNATE/src/crud/jd4o/Clases/Conexion.java</file>
            <file>file:/C:/Users/Jose%20A/Documents/NetBeansProjects/CRUD_HIBERNATE/src/crud/jd4o/Clases/Reparacion.java</file>
            <file>file:/C:/Users/Jose%20A/Documents/NetBeansProjects/CRUD_HIBERNATE/src/crud/jd4o/VentanaRepuesto.java</file>
            <file>file:/C:/Users/Jose%20A/Documents/NetBeansProjects/CRUD_HIBERNATE/test/TDDConexion.java</file>
            <file>file:/C:/Users/Jose%20A/Documents/NetBeansProjects/CRUD_HIBERNATE/src/crud/jd4o/CrudRepuestos.java</file>
            <file>file:/C:/Users/Jose%20A/Documents/NetBeansProjects/CRUD_HIBERNATE/src/crud/jd4o/VentanaReparacion.java</file>
            <file>file:/C:/Users/Jose%20A/Documents/NetBeansProjects/CRUD_HIBERNATE/src/crud/jd4o/CrudClientes.java</file>
            <file>file:/C:/Users/Jose%20A/Documents/NetBeansProjects/CRUD_HIBERNATE/src/crud/jd4o/VentanaProveedor.java</file>
        </group>
    </open-files>
</project-private>
