<?xml version="1.0"?>
<!DOCTYPE hibernate-mapping PUBLIC "-//Hibernate/Hibernate Mapping DTD 3.0//EN"
"http://www.hibernate.org/dtd/hibernate-mapping-3.0.dtd">
<!-- Generated 25-ene-2019 12:33:02 by Hibernate Tools 4.3.1 -->
<hibernate-mapping>
    <class name="crud.jd4o.Clases.Proveedor" table="proveedor" catalog="tienda" optimistic-lock="version">
        <id name="id" type="int">
            <column name="id" />
            <generator class="assigned" />
        </id>
        <property name="nombre" type="string">
            <column name="nombre" length="30" not-null="true" />
        </property>
        <property name="direccion" type="string">
            <column name="direccion" length="70" not-null="true" />
        </property>
        <property name="disponible" type="boolean">
            <column name="disponible" not-null="true" />
        </property>
        <set name="repuestos" table="repuesto" inverse="true" lazy="true" fetch="select">
            <key>
                <column name="id_proveedor" not-null="true" />
            </key>
            <one-to-many class="crud.jd4o.Clases.Repuesto" />
        </set>
    </class>
</hibernate-mapping>
