<?xml version="1.0"?>
<!DOCTYPE hibernate-mapping PUBLIC "-//Hibernate/Hibernate Mapping DTD 3.0//EN"
"http://www.hibernate.org/dtd/hibernate-mapping-3.0.dtd">
<!-- Generated 25-ene-2019 12:33:02 by Hibernate Tools 4.3.1 -->
<hibernate-mapping>
    <class name="crud.jd4o.Clases.Reparacion" table="reparacion" catalog="tienda" optimistic-lock="version">
        <id name="id" type="int">
            <column name="id" />
            <generator class="assigned" />
        </id>
        <many-to-one name="repuesto" class="crud.jd4o.Clases.Repuesto" fetch="select">
            <column name="id_repuesto" not-null="true" />
        </many-to-one>
        <property name="descripcion" type="string">
            <column name="descripcion" length="100" not-null="true" />
        </property>
        <property name="fecha" type="string">
            <column name="fecha" length="15" not-null="true" />
        </property>
    </class>
</hibernate-mapping>
