<?xml version="1.0"?>
<!DOCTYPE hibernate-mapping PUBLIC "-//Hibernate/Hibernate Mapping DTD 3.0//EN"
"http://www.hibernate.org/dtd/hibernate-mapping-3.0.dtd">
<!-- Generated 25-ene-2019 12:33:02 by Hibernate Tools 4.3.1 -->
<hibernate-mapping>
    <class name="crud.jd4o.Clases.Repuesto" table="repuesto" catalog="tienda" optimistic-lock="version">
        <id name="id" type="int">
            <column name="id" />
            <generator class="assigned" />
        </id>
        <many-to-one name="proveedor" class="crud.jd4o.Clases.Proveedor" fetch="select">
            <column name="id_proveedor" not-null="true" />
        </many-to-one>
        <property name="nombre" type="string">
            <column name="nombre" length="30" not-null="true" />
        </property>
        <property name="precio" type="double">
            <column name="precio" precision="22" scale="0" not-null="true" />
        </property>
        <set name="reparacions" table="reparacion" inverse="true" lazy="true" fetch="select">
            <key>
                <column name="id_repuesto" not-null="true" />
            </key>
            <one-to-many class="crud.jd4o.Clases.Reparacion" />
        </set>
        <set name="clientes" table="cliente" inverse="true" lazy="true" fetch="select">
            <key>
                <column name="id_repuesto" not-null="true" />
            </key>
            <one-to-many class="crud.jd4o.Clases.Cliente" />
        </set>
    </class>
</hibernate-mapping>
